subject_name,course_name,course_url
Art & Design,Gamification,/course/gamification-343
Art & Design,Sustainability in Architecture: An Interdisciplinary Introduction,/course/edx-sustainability-in-architecture-an-interdisciplinary-introduction-11438
Art & Design,Introduction to Real-Time Audio Programming in ChucK,/course/kadenze-introduction-to-real-time-audio-programming-in-chuck-3749
Art & Design,Sound Production in Ableton Live for Musicians and Artists,/course/kadenze-sound-production-in-ableton-live-for-musicians-and-artists-3765
Art & Design,Radio para internet con Podcast: creación y conceptos básicos,/course/edx-radio-para-internet-con-podcast-creacion-y-conceptos-basicos-11824
Art & Design,Introduction to Graphic Illustration,/course/kadenze-introduction-to-graphic-illustration-3773
Art & Design,Programming Max: Structuring Interactive Software for Digital Arts,/course/kadenze-programming-max-structuring-interactive-software-for-digital-arts-6411
Art & Design,Design: Creation of Artifacts in Society,/course/design-371
Art & Design,Roman Architecture,/course/romanarchitecture-910
Art & Design,Comics: Art in Relationship,/course/kadenze-comics-art-in-relationship-3775
Art & Design,Intro to the Design of Everyday Things,/course/udacity-intro-to-the-design-of-everyday-things-1044
Art & Design,A Global History of Architecture,/course/edx-a-global-history-of-architecture-928
Art & Design,Introduction to Graphic Design History,/course/kadenze-introduction-to-graphic-design-history-5892
Art & Design,Sound Synthesis Using Reaktor,/course/kadenze-sound-synthesis-using-reaktor-3766
Art & Design,The Modern Genius: Art and Culture in the 19th Century,/course/kadenze-the-modern-genius-art-and-culture-in-the-19th-century-3747
Art & Design,Fundamentals of Music Theory,/course/musictheory-1358
Art & Design,Sexing the Canvas: Art and Gender,/course/sexingthecanvas-4053
Art & Design,Composición de canciones,/course/composicion-canciones-4871
Art & Design,Introducción a la producción de música,/course/music-productiones-4624
Art & Design,Introduction to UI Design,/course/ui-design-6890
Art & Design,Developing Your Musicianship: Final Project,/course/musicianship-final-project-7052
Art & Design,¿Cómo (nos) cambia la Tecnología?,/course/comonoscambialatecnologia-7110
Art & Design,Fundamentals of Rehearsing Music Ensembles,/course/music-ensembles-731
Art & Design,Write Like Mozart: An Introduction to Classical Music Composition,/course/classicalcomp-735
Art & Design,Proyecto final de Músico moderno,/course/proyecto-musico-5255
Art & Design,ART of the MOOC: Public Art and Pedagogy,/course/moocs-4095
Art & Design,Pro Tools Basics,/course/protoolsbasics-5436
Art & Design,Serious Gaming,/course/serious-gaming-6185
Art & Design,The Art of Vocal Production,/course/vocal-production-7797
Art & Design,Introducción a la Producción Audiovisual,/course/intro-produccion-audiovisual-9357
Art & Design,Introdução à Guitarra,/course/intro-guitarra-9415
Art & Design,A tecnologia da produção musical ,/course/tecnologia-producao-musical-9642
Art & Design,ART of the MOOC: Activismo y Movimientos Sociales,/course/activismo-movimientos-sociales-7194
Art & Design,ART of the MOOC: Activism and Social Movements,/course/activism-social-movements-7195
Art & Design,ART of the MOOC: Arte Público y Pedagogía ,/course/arte-publico-pedagogia-7196
Art & Design,Making Architecture,/course/making-architecture-7153
Art & Design,Как читать фотографию,/course/kak-chitat-fotografiyu-12795
Art & Design,Becoming a Better Music Teacher,/course/becoming-a-better-music-teacher-13620
Art & Design,Guitar Scales and Chord Progressions,/course/guitar-scales-chord-progressions-11773
Art & Design,Cultural and creative industries,/course/cultural-creative-industries-10331
Art & Design,Approaching Music Theory: Melodic Forms and Simple Harmony,/course/melodic-forms-simple-harmony-13653
Art & Design,The Language of Design: Form and Meaning,/course/design-language-16927
Art & Design,What Is Contemporary Art?,/course/contemporary-art-17106
Art & Design,Understanding Fashion: From Business to Culture,/course/understanding-fashion-from-business-to-culture-14492
Art & Design,Introducción al Arte Sonoro,/course/introduccion-arte-sonoro-14495
Art & Design,The World of the String Quartet,/course/stringquartet-2499
Art & Design,微影人的自我修养,/course/microfilmer-2706
Art & Design,20世纪西方音乐 Western Music in the 20th Century,/course/20cnwm-2358
Art & Design,Ignite Your Everyday Creativity,/course/creative-3139
Art & Design,Introduction to Ableton Live,/course/abletonlive-2988
Art & Design,Entender el diseño,/course/entender-diseno-4819
Art & Design,Physical Theatre: Exploring the Slap,/course/physical-theatre-exploring-the-slap-6096
Art & Design,Producción Musical y su Efecto en la Composición,/course/produccionycomposicion-4718
Art & Design,Introducción a la guitarra,/course/guitarra-4763
Art & Design,Seeing Through Photographs,/course/photography-5682
Art & Design,UI Design Capstone,/course/ui-design-capstone-6928
Art & Design,An Introduction to Screenwriting,/course/screenwriting-4550
Art & Design,Music Business Foundations,/course/music-business-foundations-4429
Art & Design,崑曲之美,/course/kunqu-652
Art & Design,The Olympic Games and the Media,/course/olympicgames-1772
Art & Design,Input and Interaction,/course/interaction-techniques-4245
Art & Design,Human-Centered Design: an Introduction,/course/human-computer-interaction-4287
Art & Design,Social Computing,/course/social-computing-4290
Art & Design,Design Principles: an Introduction,/course/design-principles-4296
Art & Design,Interaction Design Capstone Project,/course/interaction-design-capstone-5140
Art & Design,Modern Art & Ideas,/course/modern-art-ideas-4163
Art & Design,Composição: Escrevendo a letra,/course/composicao-escrevendo-letra-9457
Art & Design,Improvisação no Jazz,/course/improvisacao-no-jazz-9458
Art & Design,Desenvolvendo sua musicalidade,/course/desenvolvendo-musicalidade-9459
Art & Design,Fashion as Design,/course/fashion-design-9416
Art & Design,透过摄影看世界,/course/photography-1-6985
Art & Design,A Scientific Approach to Innovation Management,/course/scientific-approach-innovation-managemen-13223
Art & Design,Art of the MOOC:  Experiments with Sound,/course/experiments-with-sound-10762
Art & Design,"Innovation Through Design: Think, Make, Break, Repeat",/course/innovation-through-design-11588
Art & Design,An Introduction to Accessibility and Inclusive Design,/course/accessibility-13860
Art & Design,Exploring Beethoven's Piano Sonatas Part 5,/course/exploring-beethoven-piano-sonatas-5-16976
Art & Design,Getting Your Film off the Ground ,/course/film-off-ground-15230
Art & Design,Star Trek: Inspiring Culture and Technology III,/course/edx-star-trek-inspiring-culture-and-technology-iii-15239
Art & Design,Songwriting: Writing the Lyrics,/course/songwriting-lyrics-523
Art & Design,Guitar for Beginners,/course/guitar-522
Art & Design,The Music of the Beatles,/course/beatles-1135
Art & Design,Introduction to Classical Music,/course/introclassicalmusic-2987
Art & Design,Fundamentals of Graphic Design,/course/fundamentals-of-graphic-design-4792
Art & Design,"History of Rock, Part One",/course/historyofrock1-690
Art & Design,Music Theory Level 2: Part Nine,/course/kadenze-music-theory-level-2-part-nine-17000
Art & Design,The New World of Arnold Schönberg's Piano Music,/course/stanford-openedx-the-new-world-of-arnold-schonberg-s-piano-music-17139
Art & Design,Developing Your Musicianship,/course/musicianship-1726
Art & Design,Exploring Beethoven's Piano Sonatas Part 4,/course/exploring-beethoven-piano-sonatas-4-12766
Art & Design,How Music Can Change Your Life,/course/music-life-6634
Art & Design,创作吧！微影人！,/course/wei-dian-ying-chuang-zuo-5611
Art & Design,Applications in Communication Acoustics,/course/edx-applications-in-communication-acoustics-9293
Art & Design,Creatividad computacional,/course/creatividad-computacional-12450
Art & Design,Theories of Media and Technology,/course/edx-theories-of-media-and-technology-13439
Art & Design,Western Music in the 20th Century,/course/edx-western-music-in-the-20th-century-1229
Art & Design,Réalisez vos vidéos 3D-relief !,/course/ionis-realisez-vos-videos-3d-relief-2183
Art & Design,Shakespeare: On the Page and in Performance,/course/edx-shakespeare-on-the-page-and-in-performance-939
Art & Design,SAP's UX Strategy in a Nutshell by Sam Yen,/course/opensap-sap-s-ux-strategy-in-a-nutshell-by-sam-yen-2362
Art & Design,Western and Chinese Art: Masters and Classics,/course/edx-western-and-chinese-art-masters-and-classics-3207
Art & Design,"The Search for Vernacular Architecture of Asia, Part 1",/course/edx-the-search-for-vernacular-architecture-of-asia-part-1-2072
Art & Design,OjaiU 2015: The Beat of the World – The Art of Percussion,/course/independent-ojaiu-2015-the-beat-of-the-world-the-art-of-percussion-3577
Art & Design,Product Design,/course/udacity-product-design-3646
Art & Design,An Unloved Story: Lost In Translation / Her,/course/openlearning-an-unloved-story-lost-in-translation-her-3756
Art & Design,Making Science and Engineering Pictures: A Practical Guide to Presenting Your Work,/course/edx-making-science-and-engineering-pictures-a-practical-guide-to-presenting-your-work-3461
Art & Design,Creating Business Value with User Experience,/course/opensap-creating-business-value-with-user-experience-3511
Art & Design,"DOCUMENTAL! Nuevas tendencias, nuevos formatos",/course/edx-documental-nuevas-tendencias-nuevos-formatos-2150
Art & Design,Innovation Generation: How to Be Creative,/course/edx-innovation-generation-how-to-be-creative-3507
Art & Design,"Art, Communication and Contact Zones",/course/open-education-by-blackboard-art-communication-and-contact-zones-4147
Art & Design,Rapid Prototyping,/course/udacity-rapid-prototyping-4813
Art & Design,Science in Art: The Chemistry of Art Materials and Conservation,/course/edx-science-in-art-the-chemistry-of-art-materials-and-conservation-3591
Art & Design,Software Design for Non-Designers,/course/independent-software-design-for-non-designers-3587
Art & Design,Mobile Application Experiences Part 2: Mobile App Design,/course/edx-mobile-application-experiences-part-2-mobile-app-design-5724
Art & Design,Prototyping Interaction,/course/iversity-prototyping-interaction-3367
Art & Design,The Meaning of Rome: The Renaissance and Baroque City,/course/edx-the-meaning-of-rome-the-renaissance-and-baroque-city-5370
Art & Design,Introduction to Game Design,/course/edx-introduction-to-game-design-2366
Art & Design,Defining the String Quartet: Haydn,/course/stanford-openedx-defining-the-string-quartet-haydn-6348
Art & Design,"Nativi Digitali, una nuova modalità di apprendimento",/course/eduopen-nativi-digitali-una-nuova-modalita-di-apprendimento-7699
Art & Design,Creative Programming with Javascript,/course/kadenze-creative-programming-with-javascript-3769
Art & Design,Il disegno della luce,/course/emma-il-disegno-della-luce-5885
Art & Design,Desenho para Diário Gráfico,/course/iversity-desenho-para-diario-grafico-6171
Art & Design,"Vernacular Architecture of Asia: Tradition, Modernity and Cultural Sustainability",/course/edx-vernacular-architecture-of-asia-tradition-modernity-and-cultural-sustainability-6243
Art & Design,Four Facets of Contemporary Japanese Architecture: Theory,/course/edx-four-facets-of-contemporary-japanese-architecture-theory-5800
Art & Design,"Jazz: The Music, The Stories, The Players",/course/edx-jazz-the-music-the-stories-the-players-4809
Art & Design,Reinventing the Piano,/course/kadenze-reinventing-the-piano-3778
Art & Design,Fashion Style Icons and Design History,/course/kadenze-fashion-style-icons-and-design-history-4099
Art & Design,Foundations of Arts and Entertainment Technologies,/course/kadenze-foundations-of-arts-and-entertainment-technologies-5894
Art & Design,Loop: Repetition and Variation in Music,/course/kadenze-loop-repetition-and-variation-in-music-3779
Art & Design,Introduction to Italian Opera,/course/edx-introduction-to-italian-opera-3840
Art & Design,"Hollywood: History, Industry, Art",/course/edx-hollywood-history-industry-art-5643
Art & Design,Modern Architecture,/course/independent-modern-architecture-7999
Art & Design,日本文化艺术专题 Japanese Culture and Art,/course/edx--japanese-culture-and-art-7819
Art & Design,Inside the Music & Video Tech Industry,/course/kadenze-inside-the-music-video-tech-industry-5327
Art & Design,Generative Art and Computational Creativity,/course/kadenze-generative-art-and-computational-creativity-4094
Art & Design,New York Architecture,/course/independent-new-york-architecture-3572
Art & Design,Contemporary Architecture,/course/independent-contemporary-architecture-2772
Art & Design,Frank Lloyd Wright And The XX Century,/course/independent-frank-lloyd-wright-and-the-xx-century-2775
Art & Design,Principles of Designing for Humans,/course/edx-principles-of-designing-for-humans-6256
Art & Design,Creative Audio Programming on the Raspberry Pi,/course/kadenze-creative-audio-programming-on-the-raspberry-pi-6410
Art & Design,Introduction to Sound and Acoustic Sketching,/course/kadenze-introduction-to-sound-and-acoustic-sketching-3776
Art & Design,Exposing Digital Photography,/course/independent-exposing-digital-photography-8091
Art & Design,History of Chinese Architecture,/course/edx-history-of-chinese-architecture-2474
Art & Design,Stonehenge,/course/iversity-stonehenge-2844
Art & Design,Advanced Generative Art and Computational Creativity,/course/kadenze-advanced-generative-art-and-computational-creativity-7600
Art & Design,Sound Design with Kontakt,/course/kadenze-sound-design-with-kontakt-6802
Art & Design,Evaluating Designs with Users,/course/edx-evaluating-designs-with-users-7240
Art & Design,Touring Modernism ,/course/kadenze-touring-modernism-8408
Art & Design,Surrealism and Its Legacy,/course/kadenze-surrealism-and-its-legacy-8411
Art & Design,"Pop, Minimalism, and Postmodernism",/course/kadenze-pop-minimalism-and-postmodernism-8412
Art & Design,Introduction to German Opera,/course/edx-introduction-to-german-opera-7474
Art & Design,Introduction to 3D Modeling and Animation with Maya: Tradition Meets Technology,/course/kadenze-introduction-to-3d-modeling-and-animation-with-maya-tradition-meets-technology-6801
Art & Design,UX Design: From Concept to Wireframe,/course/edx-ux-design-from-concept-to-wireframe-6254
Art & Design,Human-Computer Interaction,/course/udacity-human-computer-interaction-8567
Art & Design,Kreativní práce s informacemi,/course/independent-kreativni-prace-s-informacemi-8896
Art & Design,การออกแบบภาพประกอบสื่อสําหรับเด็ก,/course/thaimooc------14942
Art & Design,Cardin to Castelbajac: Style in French Fashion,/course/kadenze-cardin-to-castelbajac-style-in-french-fashion-4995
Art & Design,UX Design: From Wireframe to Prototype,/course/edx-ux-design-from-wireframe-to-prototype-6253
Art & Design,Understanding User Needs,/course/edx-understanding-user-needs-6257
Art & Design,Facilitator’s Guide to Human-Centered Design,/course/acumen-facilitator-s-guide-to-human-centered-design-9100
Art & Design,Gaultier to Louboutin: Style & Strategy in French Fashion,/course/kadenze-gaultier-to-louboutin-style-strategy-in-french-fashion-7601
Art & Design,The Modern Music Technologist,/course/kadenze-the-modern-music-technologist-7595
Art & Design,浪漫主义时代的欧洲音乐 European Music in Romantic Period,/course/edx--european-music-in-romantic-period-8911
Art & Design,UX Research at Scale: Analytics and Online Experiments,/course/edx-ux-research-at-scale-analytics-and-online-experiments-6249
Art & Design,The Practical History of Typography,/course/kadenze-the-practical-history-of-typography-7599
Art & Design,Inspirations for Design: A Course on Human-Centered Research,/course/openhpi-inspirations-for-design-a-course-on-human-centered-research-8859
Art & Design,Financial Systems for a Successful Studio,/course/kadenze-financial-systems-for-a-successful-studio-7592
Art & Design,Contemporary Museum Education,/course/kadenze-contemporary-museum-education-4998
Art & Design,เทคโนโลยีการสร้างสรรค์สื่อดิจิทัล | Digital Media Creation Technology,/course/thaimooc---------digital-media-creation-technology-15007
Art & Design,สร้างสรรค์สื่อวีดิทัศน์ยุคใหม่ Creative Video Production,/course/thaimooc----------creative-video-production-15086
Art & Design,การถ่ายภาพเบื้องต้น Basic Photography,/course/thaimooc-----basic-photography-15074
Art & Design,Custom Handlettering,/course/kadenze-custom-handlettering-7614
Art & Design,Iniciación a la Creación Musical en Ableton Live 10,/course/canvas-network-iniciacion-a-la-creacion-musical-en-ableton-live-10-7394
Art & Design,Working with Motion & Time,/course/kadenze-working-with-motion-time-7618
Art & Design,Piano I: Introduction to the Piano & Staff,/course/kadenze-piano-i-introduction-to-the-piano-staff-7605
Art & Design,"Digital Drawings: Points, Lines, Curves",/course/kadenze-digital-drawings-points-lines-curves-8397
Art & Design,ความคิดสร้างสรรค์สำหรับการออกแบบสื่อเสียง|Creative Ideas for Audio Design,/course/thaimooc--------creative-ideas-for-audio-design-14943
Art & Design,บาติก 1 (BATIK 1),/course/thaimooc---1-batik-1-14970
Art & Design,ศิลปะอิสลาม (Islamic Art),/course/thaimooc----islamic-art-14971
Art & Design,เทคโนโลยีทางภาพถ่ายเพื่อสื่อสารการศึกษา|PHOTOGRAPHIC TECHNOLOGY FOR EDUCATIONAL COMMUNICATIONS,/course/thaimooc-------photographic-technology-for-educational-communications-14950
Art & Design,การออกแบบโมเดลและงานพิมพ์ 3D เพื่อการบริการชุมชน|3D Model design & printing for community service,/course/thaimooc---3d-----3d-model-design-printing-for-community-service-14951
Art & Design,Motion Design: Time and Technology,/course/kadenze-motion-design-time-and-technology-7593
Art & Design,Making Typeface Families,/course/kadenze-making-typeface-families-7615
Art & Design,Exploring the Mixed Reality Landscape,/course/kadenze-exploring-the-mixed-reality-landscape-7603
Art & Design,Designing Synthesizer Sounds,/course/kadenze-designing-synthesizer-sounds-9471
Art & Design,History of Chinese Costumes|中国服饰七千年,/course/edx-history-of-chinese-costumes--9974
Art & Design,"Digital Modeling: Volume, Surface, Space",/course/kadenze-digital-modeling-volume-surface-space-8401
Art & Design,Music Technology Foundations,/course/edx-music-technology-foundations-6104
Art & Design,Camera Essentials,/course/kadenze-camera-essentials-7606
Art & Design,Typography in Graphic Design,/course/kadenze-typography-in-graphic-design-7616
Art & Design,À la découverte du théâtre classique français – Tome 1,/course/edx-a-la-decouverte-du-theatre-classique-francais-tome-1-4365
Art & Design,Piano II: Focus on Reading,/course/kadenze-piano-ii-focus-on-reading-7612
Art & Design,Pattern Studying and Making|图案审美与创作,/course/edx-pattern-studying-and-making--10261
Art & Design, Creating and Capturing Mixed Reality,/course/kadenze-creating-and-capturing-mixed-reality-7607
Art & Design,SAP Leonardo Design-Led Engagements Basics,/course/opensap-sap-leonardo-design-led-engagements-basics-10637
Art & Design,"World Music, Culture, & You: Finding Music Within Your Community",/course/edx-world-music-culture-you-finding-music-within-your-community-10459
Art & Design,Motion Design: Title Transformation,/course/kadenze-motion-design-title-transformation-7594
Art & Design,Selling and Protecting Typefaces,/course/kadenze-selling-and-protecting-typefaces-7617
Art & Design,Design Theory,/course/edx-design-theory-9438
Art & Design,North Indian Classical Music I: Fundamental Elements,/course/kadenze-north-indian-classical-music-i-fundamental-elements-9991
Art & Design,Sound Essentials,/course/kadenze-sound-essentials-7619
Art & Design,Introduction to Digital Fabrication and Technical Design,/course/kadenze-introduction-to-digital-fabrication-and-technical-design-9440
Art & Design,Digital to Physical: Repetition + Difference: Component-to-System Relationships,/course/kadenze-digital-to-physical-repetition-difference-component-to-system-relationships-8400
Art & Design,Four Facets of Contemporary Japanese Architecture: Technology,/course/edx-four-facets-of-contemporary-japanese-architecture-technology-6651
Art & Design,Designing for Mixed Reality,/course/kadenze-designing-for-mixed-reality-7608
Art & Design,Adobe Illustrator: aprende a crear presentaciones de impacto,/course/edx-adobe-illustrator-aprende-a-crear-presentaciones-de-impacto-11437
Art & Design,À la découverte du théâtre classique français – Tome 2,/course/edx-a-la-decouverte-du-theatre-classique-francais-tome-2-5701
Art & Design,North Indian Classical Music II: Raga Composition and Development,/course/kadenze-north-indian-classical-music-ii-raga-composition-and-development-9992
Art & Design,Basics of Design Testing,/course/opensap-basics-of-design-testing-9071
Art & Design,First Nights - Handel's Messiah and Baroque Oratorio,/course/edx-first-nights-handel-s-messiah-and-baroque-oratorio-4548
Art & Design,Piano III: Scales and Chords,/course/kadenze-piano-iii-scales-and-chords-7613
Art & Design,First Nights - Beethoven's 9th Symphony and the 19th Century Orchestra,/course/edx-first-nights-beethoven-s-9th-symphony-and-the-19th-century-orchestra-5383
Art & Design,First Nights - Berlioz’s Symphonie Fantastique and Program Music in the 19th Century,/course/edx-first-nights-berlioz-s-symphonie-fantastique-and-program-music-in-the-19th-century-6612
Art & Design,Motion Design: Animated GIFs,/course/kadenze-motion-design-animated-gifs-5891
Art & Design,"Stravinsky’s Rite of Spring: Modernism, Ballet, and Riots",/course/edx-stravinsky-s-rite-of-spring-modernism-ballet-and-riots-7319
Art & Design,Fundamentals of Video Production,/course/kadenze-fundamentals-of-video-production-7620
Art & Design,Design Thinking: UX and Advanced Topics,/course/edx-design-thinking-ux-and-advanced-topics-11382
Art & Design,Basics of Design Research,/course/opensap-basics-of-design-research-6905
Art & Design,North Indian Classical Music III: Performance Practice,/course/kadenze-north-indian-classical-music-iii-performance-practice-9993
Art & Design,DigiFab 3D: How and When to 3D Print,/course/kadenze-digifab-3d-how-and-when-to-3d-print-9442
Art & Design,Fundamentals of Post-Production,/course/kadenze-fundamentals-of-post-production-7597
Art & Design,Le solfège à votre portée,/course/independent-le-solfege-a-votre-portee-14443
Art & Design,Listen up! How to Launch and Grow a Hit Podcast,/course/independent-listen-up-how-to-launch-and-grow-a-hit-podcast-12070
Art & Design,"Making Meaning: An Introduction to Designing Objects, Part I",/course/kadenze-making-meaning-an-introduction-to-designing-objects-part-i-4996
Art & Design,User Experience (UX) Design: Human Factors and Culture in Design | 设计的人因与文化,/course/edx-user-experience-ux-design-human-factors-and-culture-in-design--2625
Art & Design,Fundamentals of Communication Acoustics,/course/edx-fundamentals-of-communication-acoustics-9291
Art & Design,Human-Centered Design: From Synthesis to Creative Ideas,/course/openhpi-human-centered-design-from-synthesis-to-creative-ideas-11179
Art & Design,Software Design for Non-Designers,/course/opensap-software-design-for-non-designers-6412
Art & Design,การออกแบบสื่อสามมิติด้วยโปรแกรม Blender 3D (3D Media design with Blender 3D),/course/thaimooc------blender-3d-3d-media-design-with-blender-3d-14934
Art & Design,IMAGE | ABILITY - Visualizing the Unimaginable,/course/edx-image-ability-visualizing-the-unimaginable-5317
Art & Design,Models in Architecture – design through physical & digital models,/course/edx-models-in-architecture-design-through-physical-digital-models-8085
Art & Design,Basic 3D Modeling using Blender,/course/edx-basic-3d-modeling-using-blender-10315
Art & Design,Teaching Critical Thinking through Art with the National Gallery of Art,/course/edx-teaching-critical-thinking-through-art-with-the-national-gallery-of-art-12637
Art & Design,Basic 3D Animation using Blender,/course/edx-basic-3d-animation-using-blender-10317
Art & Design,Design Practice in Business: Spark Innovation like a Designer,/course/edx-design-practice-in-business-spark-innovation-like-a-designer-6345
Art & Design,"Disability and Digital Media: Accessibility, Representation and Inclusion",/course/edx-disability-and-digital-media-accessibility-representation-and-inclusion-12665
Art & Design,User Interface (UI) Personalization,/course/edx-user-interface-ui-personalization-9945
Art & Design,Europeana Space: Creative with Digital Heritage,/course/edx-europeana-space-creative-with-digital-heritage-6846
Art & Design,ตกแต่งและสร้างภาพอย่างสร้างสรรค์ด้วยโปรแกรม GIMP (Creative Photo Development with GIMP),/course/thaimooc--------gimp-creative-photo-development-with-gimp-14999
Art & Design,Flower Arrangements in China and Japan | 现代生活美学：花之道,/course/edx-flower-arrangements-in-china-and-japan---11430
Art & Design,การผลิตสื่อกราฟิกอย่างมืออาชีพ (Graphic Design Crash Course),/course/thaimooc--------graphic-design-crash-course-15045
Art & Design,Hong Kong Cinema through a Global Lens | 全球化下的香港电影,/course/edx-hong-kong-cinema-through-a-global-lens--7875
Art & Design,Star Trek: Inspiring Culture and Technology,/course/edx-star-trek-inspiring-culture-and-technology-13104
Art & Design,"Drawing Nature, Science and Culture: Natural History Illustration 101",/course/edx-drawing-nature-science-and-culture-natural-history-illustration-101-7073
Art & Design,Music Theory for Beginners,/course/kadenze-music-theory-for-beginners-13524
Art & Design,Be Visual! Sketching Basics for IT Business,/course/opensap-be-visual-sketching-basics-for-it-business-8944
Art & Design,"Ableton Live 10, Part 2: Recording & Warping",/course/kadenze-ableton-live-10-part-2-recording-warping-13525
Art & Design,"Ableton Live 10, Part 3: Editing & Producing",/course/kadenze-ableton-live-10-part-3-editing-producing-13526
Art & Design,You Can Draw Anything in 3 Simple Steps,/course/kadenze-you-can-draw-anything-in-3-simple-steps-13527
Art & Design,Introduction to Guitar Performance ,/course/kadenze-introduction-to-guitar-performance-13528
Art & Design,Music Theory Level 1: Part Four,/course/kadenze-music-theory-level-1-part-four-13529
Art & Design,Music Theory Level 1: Part One,/course/kadenze-music-theory-level-1-part-one-13530
Art & Design,Music Theory Level 1: Part Three,/course/kadenze-music-theory-level-1-part-three-13531
Art & Design,Music Theory Level 1: Part Two,/course/kadenze-music-theory-level-1-part-two-13532
Art & Design,Pen and Ink Illustration: The Basics for Creating Magical Drawings,/course/kadenze-pen-and-ink-illustration-the-basics-for-creating-magical-drawings-13533
Art & Design,Powerful Presentations for Artists,/course/kadenze-powerful-presentations-for-artists-13534
Art & Design,Watercolor Magic: The Basics of Color Mixing and Color Harmony,/course/kadenze-watercolor-magic-the-basics-of-color-mixing-and-color-harmony-13535
Art & Design,"Ableton Live 10, Part 1: The Interface & The Basics",/course/kadenze-ableton-live-10-part-1-the-interface-the-basics-13536
Art & Design,Anyone Can Watercolor: The Basics for Creating Magical Pieces,/course/kadenze-anyone-can-watercolor-the-basics-for-creating-magical-pieces-13537
Art & Design,Fundamentos de fotografía documental,/course/edx-fundamentos-de-fotografia-documental-12533
Art & Design,Creación musical con Soundcool: Introducción,/course/edx-creacion-musical-con-soundcool-introduccion-12332
Art & Design,3D Modeling from Architectural Drawings,/course/edx-3d-modeling-from-architectural-drawings-11590
Art & Design,Music For Wellness,/course/edx-music-for-wellness-6862
Art & Design,Vocal Recording Technology,/course/edx-vocal-recording-technology-1985
Art & Design,Lánzate a la Innovación con Design Thinking,/course/edx-lanzate-a-la-innovacion-con-design-thinking-9363
Art & Design,Fundamentos de la guitarra eléctrica y acústica,/course/edx-fundamentos-de-la-guitarra-electrica-y-acustica-11422
Art & Design,Crear música con tecnología,/course/edx-crear-musica-con-tecnologia-10239
Art & Design,Producción musical y su efecto en la composición,/course/edx-produccion-musical-y-su-efecto-en-la-composicion-10251
Art & Design,Grabar y mezclar música,/course/edx-grabar-y-mezclar-musica-10252
Art & Design,Imprimiendo en 3D,/course/miriadax-imprimiendo-en-3d-14617
Art & Design,Music Theory Level 1: Part Six,/course/kadenze-music-theory-level-1-part-six-13625
Art & Design,"Ableton Live 10, Part 4: Sound Design & Samplers",/course/kadenze-ableton-live-10-part-4-sound-design-samplers-13626
Art & Design,"Ableton Live 10, Part 5: Audio & MIDI Effects",/course/kadenze-ableton-live-10-part-5-audio-midi-effects-13627
Art & Design,Easy Watercolor Sweets & Treats! Step by Step Beginner Level ,/course/kadenze-easy-watercolor-sweets-treats-step-by-step-beginner-level-13628
Art & Design,Doodle Magic | Basic & Advanced Techniques ,/course/kadenze-doodle-magic-basic-advanced-techniques-13629
Art & Design,"Fun & Loose Watercolor Florals, Leaves, & Butterflies",/course/kadenze-fun-loose-watercolor-florals-leaves-butterflies-13630
Art & Design,Music Theory Level 1: Part Five,/course/kadenze-music-theory-level-1-part-five-13631
Art & Design,Vocal Techniques 101,/course/kadenze-vocal-techniques-101-13632
Art & Design,"Ableton Live 10, Part 6: DJ Techniques & Controller",/course/kadenze-ableton-live-10-part-6-dj-techniques-controller-13633
Art & Design,Realistic Architectural 3D Modeling,/course/edx-realistic-architectural-3d-modeling-11593
Art & Design,18th-Century Opera: Handel & Mozart,/course/edx-18th-century-opera-handel-mozart-12061
Art & Design,"19th-Century Opera: Meyerbeer, Wagner, & Verdi",/course/edx-19th-century-opera-meyerbeer-wagner-verdi-12384
Art & Design,Reinvent yourself: Unleash your creativity,/course/edx-reinvent-yourself-unleash-your-creativity-4936
Art & Design,Defining the String Quartet II: Beethoven,/course/stanford-openedx-defining-the-string-quartet-ii-beethoven-13490
Art & Design,Beyond Brockhaus Thinking: With Design Thinking to a Networked Culture,/course/openhpi-beyond-brockhaus-thinking-with-design-thinking-to-a-networked-culture-12782
Art & Design,Creating and Sustaining an Innovation Culture,/course/edx-creating-and-sustaining-an-innovation-culture-10301
Art & Design,Idea Development: Create and Implement Innovative Ideas,/course/edx-idea-development-create-and-implement-innovative-ideas-10289
Art & Design,Design Thinking and Challenge Management,/course/opensap-design-thinking-and-challenge-management-13707
Art & Design,Soundcool: Módulos de vídeo y propuestas creativas,/course/edx-soundcool-modulos-de-video-y-propuestas-creativas-13448
Art & Design,แอนิเมชั่น 3 มิติ ขั้นเริ่มต้น-ขั้นกลาง|3ds Animation Foundation,/course/thaimooc----3---------3ds-animation-foundation-15016
Art & Design,การผลิตรายการโทรทัศน์|Television Program Production,/course/thaimooc----television-program-production-15019
Art & Design,การออกแบบกราฟิกโดยใช้คอมพิวเตอร์|Computer Based Graphics Design,/course/thaimooc-----computer-based-graphics-design-15021
Art & Design,การถ่ายภาพทางอากาศยานโดยอากาศยานไร้คนขับ (โดรน)|Aerial Photography by Drone,/course/thaimooc------aerial-photography-by-drone-15058
Art & Design,Interpreting Vernacular Architecture in Asia,/course/edx-interpreting-vernacular-architecture-in-asia-11421
Art & Design,Modern Japanese Architecture Part 1: From Meiji Restoration to the Pacific War,/course/edx-modern-japanese-architecture-part-1-from-meiji-restoration-to-the-pacific-war-14380
Art & Design,How to Create 2D Graphic Animations ,/course/kadenze-how-to-create-2d-graphic-animations-14892
Art & Design,Creative Thinking: Techniques and Tools for Success,/course/edx-creative-thinking-techniques-and-tools-for-success-11331
Art & Design,The Architectural Imagination,/course/edx-the-architectural-imagination-7836
Art & Design,การออกแบบ Infographic|Infographic Design,/course/thaimooc--infographic-infographic-design-15271
Art & Design,Pyramids of Giza: Ancient Egyptian Art and Archaeology,/course/edx-pyramids-of-giza-ancient-egyptian-art-and-archaeology-10385
Art & Design,Arte Latinoamericano con Énfasis Colombia,/course/miriadax-arte-latinoamericano-con-enfasis-colombia-1691
Art & Design,El Romanticismo en el piano: Johannes Brahms,/course/miriadax-el-romanticismo-en-el-piano-johannes-brahms-2346
Art & Design,Educación y Museos,/course/miriadax-educacion-y-museos-4927
Art & Design,Estética y Teoría del Arte en el siglo XVIII,/course/miriadax-estetica-y-teoria-del-arte-en-el-siglo-xviii-4928
Art & Design,Inovação orientada pelo Design,/course/miriadax-inovacao-orientada-pelo-design-6550
Art & Design,La 3ª edad de oro de la televisión,/course/miriadax-la-3a-edad-de-oro-de-la-television-1901
Art & Design,Dibujo en el aula: enseñar un lenguaje mágico,/course/miriadax-dibujo-en-el-aula-ensenar-un-lenguaje-magico-9369
Art & Design,Design Thinking para Tod@s,/course/miriadax-design-thinking-para-tod-s-10228
Art & Design,Joan Miró: an Artist Who Defined a Century,/course/miriadax-joan-miro-an-artist-who-defined-a-century-14862
Art & Design,La ciudad como lugar de intervención desde la experiencia artística,/course/miriadax-la-ciudad-como-lugar-de-intervencion-desde-la-experiencia-artistica-14870
Art & Design,Desarrollo de ideas innovadoras,/course/miriadax-desarrollo-de-ideas-innovadoras-14872
Art & Design,Cante Flamenco Tech,/course/miriadax-cante-flamenco-tech-14725
Art & Design,Iniciación al Dibujo Creativo,/course/miriadax-iniciacion-al-dibujo-creativo-14742
Art & Design,Imprimiendo en 3D,/course/miriadax-imprimiendo-en-3d-14705
Art & Design,El Cubismo en la cultura moderna. Un curso del Museo Reina Sofía y de la Fundación Telefónica.,/course/miriadax-el-cubismo-en-la-cultura-moderna-un-curso-del-museo-reina-sofia-y-de-la-fundacion-telefonica-14563
Art & Design,La imagen del Sport en el arte,/course/miriadax-la-imagen-del-sport-en-el-arte-14802
Art & Design,Impresión 3D de drones,/course/miriadax-impresion-3d-de-drones-14819
Art & Design,Visión espacial para Dummies. Cómo entender los planos,/course/miriadax-vision-espacial-para-dummies-como-entender-los-planos-14786
Art & Design,Designing and Creating Skirts,/course/edx-designing-and-creating-skirts-13875
Art & Design,Artistic Research in Music – an Introduction,/course/edx-artistic-research-in-music-an-introduction-12311
Art & Design,Star Trek: Inspiring Culture and Technology II,/course/edx-star-trek-inspiring-culture-and-technology-ii-15238
Art & Design,Online Jamming and Concert Technology,/course/kadenze-online-jamming-and-concert-technology-3764
Art & Design,European Paintings: From Leonardo to Rembrandt to Goya,/course/edx-european-paintings-from-leonardo-to-rembrandt-to-goya-2151
Art & Design,"Pintura europea: Leonardo, Rembrandt, Goya",/course/edx-pintura-europea-leonardo-rembrandt-goya-2153
Art & Design,Il Teatro e le sue illusioni prospettiche,/course/edx-il-teatro-e-le-sue-illusioni-prospettiche-13476
Art & Design,Archeoastronomia e Orologi Solari,/course/edx-archeoastronomia-e-orologi-solari-13477
Art & Design,Music Theory Level 2: Part Ten,/course/kadenze-music-theory-level-2-part-ten-17001
Art & Design,Music Theory Level 2: Part Eleven,/course/kadenze-music-theory-level-2-part-eleven-17002
Art & Design,Music Theory Level 2: Part Twelve,/course/kadenze-music-theory-level-2-part-twelve-17003
Art & Design,Music Theory Level 2: Part Seven,/course/kadenze-music-theory-level-2-part-seven-16998
Art & Design,Music Theory Level 2: Part Eight,/course/kadenze-music-theory-level-2-part-eight-16999
Art & Design,Caligrafía y paleografía: espacios históricos para su estudio y práctica,/course/edx-caligrafia-y-paleografia-espacios-historicos-para-su-estudio-y-practica-11377
Art & Design,Exploring Beethoven’s Piano Sonatas,/course/beethovensonatas-730
Art & Design,Product Design: The Delft Design Approach,/course/edx-product-design-the-delft-design-approach-2108
Art & Design,First Nights - Monteverdi’s L’Orfeo and the Birth of Opera,/course/edx-first-nights-monteverdi-s-l-orfeo-and-the-birth-of-opera-6365
Art & Design,Design in Healthcare: Using Patient Journey Mapping,/course/edx-design-in-healthcare-using-patient-journey-mapping-7877
Art & Design,"Circular Fashion: Art, Design and Science in a Sustainable Clothing Industry",/course/edx-circular-fashion-art-design-and-science-in-a-sustainable-clothing-industry-17080
Art & Design,Audio Signal Processing for Music Applications,/course/audio-2488
Art & Design,Photography Capstone Project,/course/photography-project-5595
Art & Design,Music Production Capstone,/course/music-production-capstone-6353
Art & Design,Design Thinking Capstone,/course/edx-design-thinking-capstone-10304
Art & Design,"Making Meaning: An Introduction to Designing Objects, Part II",/course/kadenze-making-meaning-an-introduction-to-designing-objects-part-ii-10464
Art & Design,The Art of Washi Paper in Japanese Rare Books,/course/japanese-book-paper-10622
Art & Design,Design Thinking and Creativity for Innovation,/course/edx-design-thinking-and-creativity-for-innovation-10277
Art & Design,"Creatividad, diseño e innovación: Técnicas y herramientas - Proyecto Final",/course/creatividad-proyecto-final-5136
Art & Design,Design Thinking Fundamentals,/course/edx-design-thinking-fundamentals-10279
Art & Design,Design Thinking: Prototyping and User Testing,/course/edx-design-thinking-prototyping-and-user-testing-10302
Art & Design,Design Thinking: Empathizing to Understand the Problem,/course/edx-design-thinking-empathizing-to-understand-the-problem-10291
Art & Design,"Design Thinking: Ideation, Iteration and Communication",/course/edx-design-thinking-ideation-iteration-and-communication-10299
Art & Design,From Notation to Performance: Understanding Musical Scores,/course/musical-scores-3616
Art & Design,Introduction to Human-Centered Design,/course/acumen-introduction-to-human-centered-design-1823
Art & Design,Integrated Digital Media Capstone,/course/edx-integrated-digital-media-capstone-13441
Art & Design,"Film, Images & Historical Interpretation in the 20th Century: The Camera Never Lies",/course/film-images-542
Art & Design,Introduction to Game Design,/course/intro-game-design-4220
Art & Design,Introduction to Typography,/course/typography-5444
Art & Design,Réaliser des vidéos pro avec son smartphone,/course/france-universite-numerique-realiser-des-videos-pro-avec-son-smartphone-4458
Art & Design,Cracking the Creativity Code: Discovering Ideas,/course/startup-entrepreneurship-discovering-ide-3497
Art & Design,Music's Big Bang: The Genesis of Rock 'n' Roll,/course/musicsbigbang-538
Art & Design,"The Music of the Rolling Stones, 1962-1974",/course/rollingstones-2352
Art & Design,Teaching the Violin and Viola: Creating a Healthy Foundation,/course/teachingstrings-2303
Art & Design,The Beauty of Kunqu Opera,/course/kunqu-opera-5918
Art & Design,Desarrollando tu musicalidad,/course/desarrollo-musicalidad-4770
Art & Design,How to Make a Comic Book (Project-Centered Course),/course/make-comic-books-5712
Art & Design,Script Writing: Write a Pilot Episode for a TV or Web Series (Project-Centered Course),/course/script-writing-5718
Art & Design,Creating Sounds for Electronic Music,/course/music-synthesizer-5728
Art & Design,导演思维：微影人的自我修养,/course/daoyan-siwei-weiyingren-5748
Art & Design,Ideas from the History of Graphic Design,/course/graphic-design-history-6497
Art & Design,Graphic Design,/course/presentation-design-6597
Art & Design,Evaluating User Interfaces,/course/ui-testing-6926
Art & Design,工程圖學 3D CAD,/course/3d-cad-4546
Art & Design,拍摄：像剪辑师一样拍摄,/course/pai-she-5571
Art & Design,创新思维,/course/chuangxin-siwei-5555
Art & Design,Principles of Photo Composition and Digital Image Post-Production,/course/photocourse3-5532
Art & Design,Innovation Career Lessons from a Master,/course/startup-entrepreneurship-innovation-care-5516
Art & Design,"Musicianship: Tensions, Harmonic Function, and Modal Interchange",/course/musicianship-harmony-7051
Art & Design,Design Thinking for Innovation,/course/uva-darden-design-thinking-innovation-649
Art & Design,"History of Rock, Part Two",/course/historyofrock2-692
Art & Design,Fundamentals of Audio and Music Engineering: Part 1 Musical Sound & Electronics,/course/audiomusicengpart1-686
Art & Design,Introduction to Imagemaking,/course/image-making-5455
Art & Design,In the Studio: Postwar Abstract Painting,/course/painting-8349
Art & Design,Design Thinking for the Greater Good: Innovation in the Social Sector,/course/uva-darden-design-thinking-social-sector-9521
Art & Design,Age of Cathedrals,/course/age-of-cathedrals-9671
Art & Design,Mobile Interaction Design: How to Design Usable Mobile Products and Services,/course/mobile-interaction-design-8643
Art & Design,Exploring Beethoven's Piano Sonatas Part 3,/course/exploring-beethoven-piano-sonatas-3-10141
Art & Design,Растровая графика. Adobe Photoshop CC ,/course/rastrovaya-grafika-adobe-photoshop-12054
Art & Design,Эксподизайн: проектирование музейной экспозиции в диалогах дизайнера и музеолога,/course/ekspodizayn-12233
Art & Design,Design-Led Strategy: Design thinking for business strategy and entrepreneurship,/course/design-strategy-11229
Art & Design,Introduzione alla Storia dell'Architettura Contemporanea,/course/architettura-contemporanea-11230
Art & Design,Exploring Japanese Avant-garde Art Through Butoh Dance,/course/japanese-avant-garde-art-butoh-11446
Art & Design,UX Design: From Concept to Prototype,/course/ux-design-concept-wireframe-12350
Art & Design,"UX Research at Scale: Surveys, Analytics, Online Testing",/course/ux-research-at-scale-12351
Art & Design,UX (User Experience) Capstone,/course/user-experience-capstone-12355
Art & Design,Composición algorítmica en Supercollider,/course/composicion-algoritmica-supercollider-12432
Art & Design,Perspectivas de música colaborativa,/course/perspectivas-musica-colaborativa-12433
Art & Design,Introducción a la producción musical ,/course/intro-produccion-musical-12419
Art & Design,Разработка инновационного продукта,/course/developing-products-new-market-11587
Art & Design,Avatar Psychology for Designers,/course/avatar-psychology-for-designers-12004
Art & Design,So You Think You Know Tango?,/course/tango-14410
Art & Design,Ser más creativos,/course/creatividad-661
Art & Design,剪辑：像编剧一样剪辑,/course/jian-ji-5565
Art & Design,Information Design,/course/infodesign-2787
Art & Design,Jazz Improvisation,/course/improvisation-521
Art & Design,User Experience: Research & Prototyping,/course/user-research-2788
Art & Design,Theatre and Globalization,/course/globaltheatre-2918
Art & Design,Innovar,/course/innovacion-diseno-4818
Art & Design,Design Thinking,/course/design-thinking-innovation-4842
Art & Design,The Blues: Understanding and Performing an American Art Form,/course/the-blues-6026
Art & Design,Music and Social Action,/course/music-and-social-action-5842
Art & Design,Brand New Brand,/course/brand-new-brand-5614
Art & Design,"Photography Techniques: Light, Content, and Sharing",/course/photography-techniques-6478
Art & Design,Introduction to User Experience Design ,/course/user-experience-design-6535
Art & Design,User Research and Design,/course/design-research-6924
Art & Design,Prototyping and Design,/course/prototyping-design-6932
Art & Design,编剧：像导演一样编剧,/course/bian-ju-5560
Art & Design,Camera Control,/course/photocourse2-5539
Art & Design,"Musicianship: Chord Charts, Diatonic Chords, and Minor Keys",/course/musicianship-chords-7050
Art & Design,Fundamentals of Digital Image and Video Processing,/course/digital-724
Art & Design,Scandinavian Film and Television,/course/scanfilmtv-665
Art & Design,Principles of Game Design,/course/gamedesign-4210
Art & Design,"Cameras, Exposure, and Photography",/course/photocourse1-5463
Art & Design,The Art of Music Production,/course/producing-music-6350
Art & Design,The Technology of Music Production,/course/technology-of-music-production-6351
Art & Design,The Cycle: Management of Successful Arts and Cultural Organizations,/course/the-cycle-7748
Art & Design,Exploring Beethoven’s Piano Sonatas Part 2,/course/exploring-beethoven-piano-sonatas-2-7773
Art & Design,Healing with the Arts,/course/healing-with-the-arts-8103
Art & Design,Дизайн-методология: управление вдохновением (Design-methodology. Inspiration management),/course/spbu-dsgnmt-fall-2017-9343
Art & Design,Building Your Career in Music: Developing A Brand and Funding Your Music,/course/navigate-music-industry-independent-arti-9576
Art & Design,Improvisación de jazz ,/course/improvisacion-de-jazz-9579
Art & Design,Produção final do músico moderno,/course/producao-musico-moderno-9584
Art & Design,Art & Ideas: Teaching with Themes,/course/ideas-6996
Art & Design,Getting Started With Music Theory,/course/music-theory-8026
Art & Design,Boosting Creativity for Innovation,/course/boosting-creativity-innovation-13125
Art & Design,UX / UI: Fundamentos para o design de interface,/course/ux-ui-design-de-interface-10705
Art & Design,Web Design: Wireframes to Prototypes,/course/web-design-wireframes-prototypes-12101
Art & Design,UX Design Fundamentals,/course/ux-design-fundamentals-12102
Art & Design,Visual Elements of User Interface Design,/course/visual-elements-user-interface-design-12103
Art & Design,Основы фотографии,/course/photo-12090
Art & Design,Grabación y postproducción musical dentro y fuera del estudio,/course/grabacion-musical-12415
Art & Design,Introduction to User Experience Principles and Processes,/course/introtoux-principles-and-processes-12348
Art & Design,Understanding User Needs,/course/understanding-user-needs-12352
Art & Design,Evaluating Designs with Users,/course/evaluating-designs-with-users-12357
Art & Design,Audio digital con Pure Data,/course/audio-digital-pure-data-12422
Art & Design,Tecnología musical con software libre: Proyecto final,/course/tecnologia-musical-proyecto-12429
Art & Design,Teoria Musical,/course/teoria-musical-12643
Art & Design,3D CAD Fundamental,/course/3d-cad-fundamental-9997
Art & Design,Usos Didácticos del Cine: Introducción al Análisis,/course/usos-didacticos-del-cine-9996
Art & Design,Print and Digital Elements of Design: Branding and User Experience,/course/designing-print-digital-media-13823
Art & Design,Graphic Elements of Design: Color Theory and Image Formats,/course/graphic-elements-design-13824
Art & Design,"Textual Elements of Design: Fonts, Typography, and Spacing",/course/fonts-typography-spacing-13825
Art & Design,Basic Elements of Design: Design Principles and Design Software,/course/basic-elements-design-13826
Art & Design,Designing and Creating Trousers,/course/edx-designing-and-creating-trousers-13876
Art & Design,Mastering Final Cut Pro,/course/mastering-final-cut-pro-15174
Art & Design,Human-Centered Design 201: Prototyping,/course/acumen-human-centered-design-201-prototyping-4789
Art & Design,Introduzione alla Storia dell'Architettura Contemporanea,/course/polimi-open-knowledge-introduzione-alla-storia-dell-architettura-contemporanea-4982
Art & Design,Introduction to the History of Contemporary Architecture,/course/polimi-open-knowledge-introduction-to-the-history-of-contemporary-architecture-11176
Art & Design,Introducing Metadesign,/course/polimi-open-knowledge-introducing-metadesign-12162
Art & Design,La sculpture grecque d'Alexandre à Cléopâtre (Partie II),/course/france-universite-numerique-la-sculpture-grecque-d-alexandre-a-cleopatre-partie-ii-9939
Art & Design,La musique au-delà du numérique,/course/france-universite-numerique-la-musique-au-dela-du-numerique-12303
Art & Design,通用设计方法与创新设计方法（2019秋）,/course/xuetangx--2019-16808
Art & Design,MOOC Pop Art,/course/france-universite-numerique-mooc-pop-art-14507
Art & Design,Photoshop: una herramienta para presentaciones innovadoras,/course/edx-photoshop-una-herramienta-para-presentaciones-innovadoras-15202
Art & Design,Girl Centered Design,/course/independent-girl-centered-design-11963
Art & Design,Los Sitios Reales como recurso profesional,/course/independent-los-sitios-reales-como-recurso-profesional-12342
Art & Design,Digital Skills: User Experience,/course/digital-skills-user-experience-9780
Art & Design,Art Appreciation,/course/canvas-network-art-appreciation-578
Art & Design,Human Computer Interaction,/course/independent-human-computer-interaction-628
Art & Design,Digital Media One,/course/canvas-network-digital-media-one-577
Art & Design,Interactive Multimedia Production,/course/canvas-network-interactive-multimedia-production-604
Art & Design,Grandes obras del arte español del Renacimiento y del Barroco en su contexto internacional,/course/miriadax-grandes-obras-del-arte-espanol-del-renacimiento-y-del-barroco-en-su-contexto-internacional-1121
Art & Design,Investigating Film Noir,/course/canvas-network-investigating-film-noir-602
Art & Design,A Crash Course on Creativity,/course/novoed-a-crash-course-on-creativity-467
Art & Design,"Music in Place, Music in Space, What’s the Idea?",/course/independent-music-in-place-music-in-space-what-s-the-idea-887
Art & Design,Introduction to Art: Concepts & Techniques,/course/art-675
Art & Design,Games Based Learning MOOC,/course/independent-games-based-learning-mooc-916
Art & Design,Design Thinking Action Lab,/course/novoed-design-thinking-action-lab-919
Art & Design,Rhetoric and Composition: The Persuasive Power of Video Games as Paratexts,/course/independent-rhetoric-and-composition-the-persuasive-power-of-video-games-as-paratexts-909
Art & Design,The Modern Genius: Art and Culture in the 19th Century,/course/canvas-network-the-modern-genius-art-and-culture-in-the-19th-century-960
Art & Design,Practice Based Research in the Arts,/course/novoed-practice-based-research-in-the-arts-950
Art & Design,Contemporary Architecture,/course/iversity-contemporary-architecture-1200
Art & Design,80000901_1X: History of Chinese Architecture — Part 1,/course/edx-80000901_1x-history-of-chinese-architecture-part-1-1233
Art & Design,艺术史,/course/arthistory-1270
Art & Design,Information Literacy for Art and Design Students,/course/canvas-network-information-literacy-for-art-and-design-students-1321
Art & Design,Introduction to Programming for Musicians and Digital Artists,/course/chuck101-851
Art & Design,Design 101 (or Design Basics),/course/iversity-design-101-or-design-basics-983
Art & Design,Designing Resilient Schools,/course/iversity-designing-resilient-schools-1658
Art & Design,Early Renaissance Architecture in Italy: from Alberti to Bramante,/course/renaissancearchitect-713
Art & Design,UX-Design for Business,/course/independent-ux-design-for-business-1790
Art & Design,What is Music? Finding Your Song,/course/canvas-network-what-is-music-finding-your-song-1554
Art & Design,"Live!:  A History of Art for Artists, Animators and Gamers",/course/livearthistory-693
Art & Design,80000901_2x: History of Chinese Architecture: Part 2,/course/edx-80000901_2x-history-of-chinese-architecture-part-2-1621
Art & Design,Architecture 101 - Part II: From Place to Space,/course/iversity-architecture-101-part-ii-from-place-to-space-3021
Art & Design,Introduction to Computational Arts: Visual Arts,/course/compartsvisual-1819
Art & Design,Social Issues Through Comic Books,/course/canvas-network-social-issues-through-comic-books-2095
Art & Design,The Future of Fashion,/course/independent-the-future-of-fashion-1828
Art & Design,Wonderful Styles of Food and Beverage around the World,/course/openlearning-wonderful-styles-of-food-and-beverage-around-the-world-1866
Art & Design,Get A Grasp! A Primer Course for Getting Your Comic Started,/course/independent-get-a-grasp-a-primer-course-for-getting-your-comic-started-1827
Art & Design,Innovators of American Cuisine: A History of the Culinary Arts in the U.S.,/course/canvas-network-innovators-of-american-cuisine-a-history-of-the-culinary-arts-in-the-u-s-1922
Art & Design,"Diseño, Organización y Evaluación de videojuegos y gamificación",/course/miriadax-diseno-organizacion-y-evaluacion-de-videojuegos-y-gamificacion-2006
Art & Design,Creativity: Music to My Ears,/course/novoed-creativity-music-to-my-ears-1853
Art & Design,Introduction to Computational Arts: Audio,/course/compartsaudio-1974
Art & Design,"American Cuisine: Chefs, Authors and Critics",/course/canvas-network-american-cuisine-chefs-authors-and-critics-1962
Art & Design,The Design Process,/course/independent-the-design-process-1955
Art & Design,Play With Your Music,/course/independent-play-with-your-music-1831
Art & Design,Débuter la photo : prise en main et premières prises de vue,/course/ionis-debuter-la-photo-prise-en-main-et-premieres-prises-de-vue-2184
Art & Design,Débuter le montage : créez vos vidéos souvenirs,/course/ionis-debuter-le-montage-creez-vos-videos-souvenirs-2185
Art & Design,Human-Computer Interaction,/course/hciucsd-306
Art & Design,Introduction to Digital Sound Design,/course/digitalsounddesign-506
Art & Design,مقدمة إلى علم الأفلام,/course/rwaq------3104
Art & Design,The Art of Drawing and Painting,/course/open2study-the-art-of-drawing-and-painting-1645
Art & Design,Introduction to Computational Arts,/course/cdt208-1053
Art & Design,Phoneography - The basics of cell phone photography,/course/canvas-network-phoneography-the-basics-of-cell-phone-photography-2563
Art & Design,"Art, Technology & Media: Digital Imaging",/course/canvas-network-art-technology-media-digital-imaging-2274
Art & Design,Universal Design for Digital Media,/course/canvas-network-universal-design-for-digital-media-2605
Art & Design,Comic Books and Graphic Novels,/course/comics-728
Art & Design,From the Repertoire: Western Music History through Performance,/course/musichistoryperforms-746
Art & Design,Art201: Understanding Contemporary Art,/course/edcast-art201-understanding-contemporary-art-2776
Art & Design,"New World, New Map: GPS for Today’s Music Industry",/course/gpsmusic-2451
Art & Design,Innovation and Design Thinking,/course/open-education-by-blackboard-innovation-and-design-thinking-1181
Art & Design,Gamifier son service,/course/ionis-gamifier-son-service-2584
Art & Design,إعداد وإخراج الفيلم الوثائقي,/course/rwaq------3116
Art & Design,أساسيات التصوير الفوتوغرافي,/course/rwaq-----3118
Art & Design,Architecture 101 - Part I: From Nothingness to Place,/course/iversity-architecture-101-part-i-from-nothingness-to-place-3020
Art & Design,Essentials of Interior Design,/course/canvas-network-essentials-of-interior-design-3073
Art & Design,Introduction to Graphic Design,/course/openlearning-introduction-to-graphic-design-2981
Art & Design,Arch403: Designing Resilient Schools,/course/edcast-arch403-designing-resilient-schools-2774
Art & Design,Warhol,/course/warhol-1352
Art & Design,التراث العمراني للمملكة العربية السعودية,/course/rwaq-------3136
Art & Design,Design culinaire,/course/france-universite-numerique-design-culinaire-4707
Art & Design,Le clarificateur : comprendre les mécanismes de la créativité,/course/ionis-le-clarificateur-comprendre-les-mecanismes-de-la-creativite-2586
Art & Design,L'explorateur : à la découverte de la créativité,/course/ionis-l-explorateur-a-la-decouverte-de-la-creativite-2589
Art & Design,Introduction au game design,/course/ionis-introduction-au-game-design-3519
Art & Design,Design Thinking,/course/iversity-design-thinking-1830
Art & Design,オンデマンドで行なう動画表現のためのワークショップ (ga034),/course/gacco--ga034-3562
Art & Design,Architecture 101 - Part III From Space to Architecture,/course/iversity-architecture-101-part-iii-from-space-to-architecture-3022
Art & Design,Marriage and the Movies: A History,/course/marriageandmovies-1815
Art & Design,TCM Presents Into the Darkness: Investigating Film Noir,/course/canvas-network-tcm-presents-into-the-darkness-investigating-film-noir-3632
Art & Design,Art and Design Fundamentals for High School Students,/course/canvas-network-art-and-design-fundamentals-for-high-school-students-3270
Art & Design,Fundamentos de la Experiencia del Usuario y Diseño de Interacción,/course/independent-fundamentos-de-la-experiencia-del-usuario-y-diseno-de-interaccion-4571
Art & Design,Human-Computer Interaction Design,/course/hcidesign-2785
Art & Design,Fotografía y Arquitectura,/course/edcast-fotografia-y-arquitectura-3823
Art & Design,Learn to Paint with Len Hend,/course/openlearning-learn-to-paint-with-len-hend-3754
Art & Design,Introducción a la Televisión Digital Interactiva,/course/independent-introduccion-a-la-television-digital-interactiva-4570
Art & Design,Interaction Techniques,/course/interactiontechniques-2786
Art & Design,رحلة في صناعة الأفلام مع نادين لبكي,/course/edraak--------2046
Art & Design,الحداثة في الفنون البصرية,/course/rwaq------1467
Art & Design,Understanding Video Games,/course/uvg-2338
Art & Design,Introdución a la Cultura Visual: los fundamentos artísticos,/course/edcast-introducion-a-la-cultura-visual-los-fundamentos-artisticos-3827
Art & Design,"Beauty, Form & Function: An Exploration of Symmetry",/course/symmetry-4172
Art & Design,CCT-101: La dramática en el audiovisual de ficción,/course/edx-cct-101-la-dramatica-en-el-audiovisual-de-ficcion-4066
Art & Design,Creación y retoque de imágenes con software libre,/course/miriadax-creacion-y-retoque-de-imagenes-con-software-libre-2226
Art & Design,Photography: A Victorian Sensation,/course/vicphoto-3890
Art & Design,From Point of View to Prototype,/course/pov-2790
Art & Design,Marketing5502x: Innovation and Problem Solving through Creativity,/course/edx-marketing5502x-innovation-and-problem-solving-through-creativity-3347
Art & Design,3Dプリンタとデジタルファブリケーション（キャンパス編）(ga041),/course/gacco-3d--ga041-3864
Art & Design,Composición musical,/course/songwritinges-4601
Art & Design,Digital Arts,/course/iversity-digital-arts-4375
Art & Design,Jポップ・デジタル作曲法 (ga048),/course/gacco-j--ga048-4029
Art & Design,مقدمة في التصميم الجرافيكي,/course/edraak-----4682
Art & Design,Listening to World Music,/course/worldmusic-355
Art & Design,Introduction to Classical Music,/course/introtoclassical-821
Art & Design,Design 1o1 Redux - Part 1: Myself,/course/iversity-design-1o1-redux-part-1-myself-4783
Art & Design,Design 1o1 Redux - Part 2: My House,/course/iversity-design-1o1-redux-part-2-my-house-4784
Art & Design,Basic Physics for Animators,/course/canvas-network-basic-physics-for-animators-3631
Art & Design,Jazz Appreciation,/course/edx-jazz-appreciation-1336
Art & Design,服飾の歴史と文化－公家の装束から現代のファッションまで－ (ga054),/course/gacco---ga054-4795
Art & Design,Philosophy and Film,/course/canvas-network-philosophy-and-film-2089
Art & Design,デザインへのまなざし － 豊かに生きるための思考術 (ga030),/course/gacco---ga030-5168
Art & Design,Commercial Photography: Still and Moving Image,/course/futurelearn-commercial-photography-still-and-moving-image-4909
Art & Design,Design and Make Infographics (Project-Centered Course),/course/make-infographics-5717
Art & Design,Physics for Character Animators,/course/canvas-network-physics-for-character-animators-5649
Art & Design,Othello: In Performance,/course/othello-5193
Art & Design,脳と創造性 (ga023),/course/gacco--ga023-5165
Art & Design,Design 1o1 Redux - Part 3: My World,/course/iversity-design-1o1-redux-part-3-my-world-4785
Art & Design,"The Gothic Revival, 1700-1850: Interdisciplinary Perspectives",/course/open-education-by-blackboard-the-gothic-revival-1700-1850-interdisciplinary-perspectives-5709
Art & Design,微电影创作概论：微影人的自我修养,/course/wei-dian-ying-chuang-zuo-gai-lun-5620
Art & Design,Introducción al desarrollo de videojuegos con Unity3D,/course/independent-introduccion-al-desarrollo-de-videojuegos-con-unity3d-5322
Art & Design,Les chansons des troubadours,/course/france-universite-numerique-les-chansons-des-troubadours-4709
Art & Design,A Mathematical Exploration of Music and Sound,/course/canvas-network-a-mathematical-exploration-of-music-and-sound-3264
Art & Design,Creating Site-Specific Dance and Performance Works,/course/sitedance-694
Art & Design,Eco-Concevoir Demain,/course/france-universite-numerique-eco-concevoir-demain-4713
Art & Design,Superhero Entertainments,/course/superheroes-3447
Art & Design,Touring Modernism:  From the French avant-garde to American Pop and Beyond,/course/kadenze-touring-modernism-from-the-french-avant-garde-to-american-pop-and-beyond-3780
Art & Design,Introduction to Music Production,/course/musicproduction-525
Art & Design,"Seeing the Light, Envisioning the Content, Sharing in Print & Online",/course/photocourse4-5544
Art & Design,Introduction to Music (MUSC-1030),/course/independent-introduction-to-music-musc-1030-1535
Art & Design,今だからこその江戸美術 Edo Visual Culture As We Really Should Know It (ga056),/course/gacco--edo-visual-culture-as-we-really-should-know-it-ga056-6123
Art & Design,History of Graphic Design,/course/history-of-graphic-design-5454
Art & Design,Modern Musician Capstone,/course/modern-musician-capstone-2719
Art & Design,Film Production: Behind the Scenes of Feature Filmmaking,/course/futurelearn-film-production-behind-the-scenes-of-feature-filmmaking-4549
Art & Design,Visual Effects for Guerrilla Filmmakers,/course/futurelearn-visual-effects-for-guerrilla-filmmakers-4967
Art & Design,TCM Presents Painfully Funny: Exploring Slapstick in the Movies,/course/canvas-network-tcm-presents-painfully-funny-exploring-slapstick-in-the-movies-6791
Art & Design,UXR1: Introduction to UX Research,/course/edx-uxr1-introduction-to-ux-research-6251
Art & Design,UXD1: Introduction to UX Design,/course/edx-uxd1-introduction-to-ux-design-6258
Art & Design,Critical Listening for Studio Production,/course/futurelearn-critical-listening-for-studio-production-1248
Art & Design,Much Ado about Nothing: in Performance,/course/much-ado-about-nothing-3005
Art & Design,Marey : l'Art et la Science du mouvement,/course/france-universite-numerique-marey-l-art-et-la-science-du-mouvement-10927
Art & Design,(K-12) Design Thinking Hero: Creating Innovative Learning Design Solutions,/course/canvas-network-k-12-design-thinking-hero-creating-innovative-learning-design-solutions-7381
Art & Design,UX4: UX: Usability Testing,/course/edx-ux4-ux-usability-testing-6255
Art & Design,Design Kit: Facilitator's Guide,/course/novoed-design-kit-facilitator-s-guide-5403
Art & Design,Architecture de l'information,/course/france-universite-numerique-architecture-de-l-information-4697
Art & Design,Open Mic Songwriting,/course/canvas-network-open-mic-songwriting-7765
Art & Design,Visual Semiotics for Visual Communication,/course/swayam-visual-semiotics-for-visual-communication-7953
Art & Design,VITRA arts et techniques du verre,/course/france-universite-numerique-vitra-arts-et-techniques-du-verre-10936
Art & Design,The Power of Colour,/course/futurelearn-the-power-of-colour-6786
Art & Design,Designing the Future,/course/designing-futures-6865
Art & Design,UXRC: UX Research Capstone,/course/edx-uxrc-ux-research-capstone-6248
Art & Design,UXDC: UX Design Capstone,/course/edx-uxdc-ux-design-capstone-6252
Art & Design,Modern Japanese Architecture: From Meiji Restoration to Today Self-paced,/course/edx-modern-japanese-architecture-from-meiji-restoration-to-today-self-paced-4073
Art & Design,Introducción a la fotografía Digital,/course/fotografia-digital-8306
Art & Design,Digital Manufacturing for Industrial Design,/course/edx-digital-manufacturing-for-industrial-design-8472
Art & Design,TCM Presents The Master of Suspense: 50 Years of Hitchcock,/course/canvas-network-tcm-presents-the-master-of-suspense-50-years-of-hitchcock-8441
Art & Design,Music Copyright: Understanding UK Copyright Law When Working with Music,/course/futurelearn-music-copyright-understanding-uk-copyright-law-when-working-with-music-8635
Art & Design,Discovering the Instruments of the Orchestra,/course/edx-discovering-the-instruments-of-the-orchestra-8978
Art & Design,Perform at Your Best: Foundations of Performance Psychology,/course/edx-perform-at-your-best-foundations-of-performance-psychology-8979
Art & Design,"Piano Preludes: Bach, Chopin, and Debussy",/course/edx-piano-preludes-bach-chopin-and-debussy-9128
Art & Design,Sharpen Your Piano Artistry,/course/edx-sharpen-your-piano-artistry-9165
Art & Design,Music Theory 101,/course/edx-music-theory-101-9200
Art & Design,How to Listen to Great Music for Orchestra,/course/edx-how-to-listen-to-great-music-for-orchestra-9379
Art & Design,粵劇: 從後台到前台 ,/course/cantonese-opera--8703
Art & Design,Introducción al Periodismo Inmersivo: Realidad Virtual & Video 360,/course/independent-introduccion-al-periodismo-inmersivo-realidad-virtual-video-360-9294
Art & Design,UX (User Experience) Capstone,/course/edx-ux-user-experience-capstone-7308
Art & Design,Behind the Scenes at the 21st Century Museum,/course/museum-3371
Art & Design,Stereoscopy: An Introduction to Victorian Stereo Photography,/course/futurelearn-stereoscopy-an-introduction-to-victorian-stereo-photography-6502
Art & Design,Дизайн интерфейсов: дипломный проект,/course/ux-ui-design-diplom-9251
Art & Design,Создание концепции интерфейса,/course/creating-interface-concept-8877
Art & Design, Прототипирование и тестирование интерфейса,/course/prototyping-testing-interface-8878
Art & Design,New Media,/course/open-education-by-blackboard-new-media-9016
Art & Design,Aprende a dibujar a mano alzada. Curso cero de dibujo arquitectónico,/course/miriadax-aprende-a-dibujar-a-mano-alzada-curso-cero-de-dibujo-arquitectonico-9960
Art & Design,SAP Leonardo Design-Led Engagements Demystified,/course/opensap-sap-leonardo-design-led-engagements-demystified-9985
Art & Design,Técnicas de Creatividad,/course/miriadax-tecnicas-de-creatividad-1129
Art & Design,Art & Activity: Interactive Strategies for Engaging with Art,/course/coursera-art-activity-interactive-strategies-for-engaging-with-art-1796
Art & Design,AutoDesk INVENTOR,/course/open-education-by-blackboard-autodesk-inventor-9759
Art & Design,Introduction to Indian Art - An appreciation,/course/swayam-introduction-to-indian-art-an-appreciation-6708
Art & Design,Introduction to Human Computer Interaction,/course/swayam-introduction-to-human-computer-interaction-9906
Art & Design,Made In America: Exploring the Hollywood Western,/course/canvas-network-made-in-america-exploring-the-hollywood-western-7102
Art & Design,Disegno Tecnico Industriale ,/course/federica-disegno-tecnico-industriale-7531
Art & Design,Music & Society,/course/music-society-7344
Art & Design,Cantonese Opera: from Backstage to the Stage,/course/cantonese-opera-en-8705
Art & Design,Laboratorio di restauro,/course/federica-laboratorio-di-restauro-7555
Art & Design,TCM Presents: MAD ABOUT MUSICALS!,/course/canvas-network-tcm-presents-mad-about-musicals-10808
Art & Design,Explore Animation,/course/explore-animation-4849
Art & Design,Short Film in Language Teaching,/course/short-film-language-teaching-8612
Art & Design,Basics of ICT & Media Design,/course/canvas-network-basics-of-ict-media-design-11197
Art & Design,UX Research Surveys,/course/edx-ux-research-surveys-6250
Art & Design,Comment faire un laboratoire d’innovation publique ?,/course/france-universite-numerique-comment-faire-un-laboratoire-d-innovation-publique-10119
Art & Design,Дизайнер интерфейсов. Введение в специальность,/course/ux-ui-design-8488
Art & Design,Islamic Calligraphy: an Introduction to the Art of Handwriting,/course/islamic-calligraphy-8714
Art & Design,Introduction to User Experience,/course/edx-introduction-to-user-experience-7286
Art & Design,Survey of Music Technology,/course/musictech-605
Art & Design,L'écoute en jeu(x) : une introduction à la musicologie,/course/france-universite-numerique-l-ecoute-en-jeu-x-une-introduction-a-la-musicologie-11956
Art & Design,Songwriting: Creative Lyric Writing Approaches,/course/canvas-network-songwriting-creative-lyric-writing-approaches-12181
Art & Design,Hispanic Film and Culture,/course/hispanic-culture-film-8641
Art & Design,World Music,/course/open2study-world-music-1477
Art & Design,The Art of Photography,/course/open2study-the-art-of-photography-1560
Art & Design,Latin American Music: Translating Cultural Sensibilities,/course/open2study-latin-american-music-translating-cultural-sensibilities-8799
Art & Design,Percepção Musical,/course/percepcao-musical-11574
Art & Design,La fabrique de la décoration,/course/france-universite-numerique-la-fabrique-de-la-decoration-12308
Art & Design,Everything about Orchids,/course/desire2learn-everything-about-orchids-10344
Art & Design,La sculpture grecque d'Alexandre à Cléopâtre (Partie I),/course/france-universite-numerique-la-sculpture-grecque-d-alexandre-a-cleopatre-partie-i-10975
Art & Design,MOOC Creative Box 2019 (Francais),/course/canvas-network-mooc-creative-box-2019-francais-3861
Art & Design,MOOC Creative Box 2019 (Jan2019),/course/canvas-network-mooc-creative-box-2019-jan2019-6279
Art & Design,Organizing for Innovation,/course/organizing-for-innovation-9624
Art & Design,Concevoir pour innover : introduction à la théorie C-K,/course/france-universite-numerique-concevoir-pour-innover-introduction-a-la-theorie-c-k-10843
Art & Design,Idea management,/course/independent-idea-management-12573
Art & Design,Product design and development,/course/swayam-product-design-and-development-7922
Art & Design,Introduction to History of Architecture in India,/course/swayam-introduction-to-history-of-architecture-in-india-12888
Art & Design,Visual Communication Design for Digital Media,/course/swayam-visual-communication-design-for-digital-media-10103
Art & Design,Explore Filmmaking: from Script to Screen,/course/explore-filmmaking-3001
Art & Design,De la créativité à l'innovation,/course/france-universite-numerique-de-la-creativite-a-l-innovation-10991
Art & Design,Elements of Visual Representation,/course/swayam-elements-of-visual-representation-4438
Art & Design,Appreciating Carnatic Music,/course/swayam-appreciating-carnatic-music-3977
Art & Design,Multimodal Interaction,/course/swayam-multimodal-interaction-12944
Art & Design,User Interface Design,/course/swayam-user-interface-design-12889
Art & Design,Introduction to Modern Indian Drama,/course/swayam-introduction-to-modern-indian-drama-12973
Art & Design,Architectural Conservation and Historic Preservation,/course/swayam-architectural-conservation-and-historic-preservation-9903
Art & Design,Introduction à la culture vidéoludique,/course/france-universite-numerique-introduction-a-la-culture-videoludique-13233
Art & Design,Visual Journalism: Looking at the other in the age of selfie,/course/independent-visual-journalism-looking-at-the-other-in-the-age-of-selfie-13403
Art & Design,Biomimicry: A Sustainable Design Methodology,/course/canvas-network-biomimicry-a-sustainable-design-methodology-3259
Art & Design,Tourner et monter un reportage pro avec son smartphone,/course/france-universite-numerique-tourner-et-monter-un-reportage-pro-avec-son-smartphone-13165
Art & Design,Anima Podi : À la recherche du rebond parfait,/course/france-universite-numerique-anima-podi-a-la-recherche-du-rebond-parfait-11637
Art & Design,Philosophy of Technology and Design: Shaping the Relations Between Humans and Technologies,/course/philosophy-of-technology-8272
Art & Design,Learn Jazz Piano: III. Solo Piano and Advanced Topics,/course/jazz-piano-advanced-topics-11727
Art & Design,Mode et Style,/course/france-universite-numerique-mode-et-style-13345
Art & Design,Learn Jazz Piano: IV. Final Topics & Two Programmed Concerts,/course/jazz-piano-4-12312
Art & Design,Cine y Política,/course/miriadax-cine-y-politica-14573
Art & Design,A History of Royal Fashion,/course/royal-fashion-10567
Art & Design,Learn Jazz Piano: I. Begin with the Blues,/course/jazz-piano-8923
Art & Design,Pictures of Youth: An Introduction to Children’s Visual Culture,/course/pictures-of-youth-introduction-childrens-visual-c-11175
Art & Design,Learn Jazz Piano: II. Improvising on Jazz Standards,/course/jazz-piano-improvisation-10552
Art & Design,Mettre en scène est un métier,/course/france-universite-numerique-mettre-en-scene-est-un-metier-12306
Art & Design,Film Distribution: Connecting Films with Audiences,/course/film-distribution-10566
Art & Design,Creative Problem Solving: Design Thinking in Health and Social Care,/course/design-thinking-in-health-and-social-care-13769
Art & Design,भारतीय वास्तुशास्त्र (Indian Vastushastra),/course/swayam-----------indian-vastushastra-14364
Art & Design,Film Studies,/course/swayam-film-studies-14052
Art & Design,Media Content Production on Multiple Platforms,/course/swayam-media-content-production-on-multiple-platforms-14195
Art & Design,การถ่ายภาพด้วยเทคนิคสร้างสรรค์ (Creative Photography),/course/thaimooc------creative-photography-15107
Art & Design,การผลิตหนังสั้น (Short Film Production),/course/thaimooc-----short-film-production-15076
Art & Design,Making and Understanding Web Comics,/course/understanding-digital-comics-13797
Art & Design,Dimensiones Básicas de la Creatividad: CREAR PARA CRECER,/course/miriadax-dimensiones-basicas-de-la-creatividad-crear-para-crecer-14552
Art & Design,การออกแบบเพื่อคนทั้งมวล (UNIVERSAL DESIGN),/course/thaimooc----universal-design-15119
Art & Design,Folk and Minor Art in India,/course/swayam-folk-and-minor-art-in-india-6705
Art & Design,Design Thinking - A Primer,/course/swayam-design-thinking-a-primer-12998
Art & Design,Design Practice,/course/swayam-design-practice-10026
Art & Design,Ergonomics Workplace Analysis,/course/swayam-ergonomics-workplace-analysis-14044
Art & Design,"Text, Textuality and Digital Media",/course/swayam-text-textuality-and-digital-media-14325
Art & Design,Introduction to Film studies,/course/swayam-introduction-to-film-studies-14148
Art & Design,Certificate Course in Hindustani Raga Sangeet–Level 2,/course/swayam-certificate-course-in-hindustani-raga-sangeet-level-2-13938
Art & Design,Fundamentals of Percussion -Tabla,/course/swayam-fundamentals-of-percussion-tabla-14078
Art & Design,Aesthetic Of Taal (तालों का सौन्दर्यशास्त्र),/course/swayam-aesthetic-of-taal-----------13889
Art & Design,Basics of Photography,/course/swayam-basics-of-photography-13910
Art & Design,How to Write Your First Song,/course/songwriting-3369
Art & Design,ศิลปกรรมท้องถิ่นชายแดนใต้ (Southen Folk Art ),/course/thaimooc-----southen-folk-art-15258
Art & Design,การเตรียมการวางแผนก่อนการผลิตสำหรับงานโทรทัศน์ (Pre-Production Planning For Television),/course/thaimooc-------pre-production-planning-for-television-15279
Art & Design,Making Music with Others,/course/making-music-11959
Art & Design,Vernacular architecture,/course/swayam-vernacular-architecture-14350
Art & Design,Visual Perception and Art: A Survey Across the Cultures,/course/swayam-visual-perception-and-art-a-survey-across-the-cultures-14352
Art & Design,Architectural Acoustics,/course/swayam-architectural-acoustics-13902
Art & Design,Contemporary Architecture and Design,/course/swayam-contemporary-architecture-and-design-13959
Art & Design,Human Computer Interactions,/course/swayam-human-computer-interactions-14111
Art & Design,พื้นฐานนักออกแบบแฟชั่นสำหรับชุมชน (Basic Fashion Designer Community),/course/thaimooc-------basic-fashion-designer-community-15254
Art & Design,Mario Botta: To Be an Architect,/course/mario-botta-architect-10554
Art & Design,The Living Picture Craze: An Introduction to Victorian Film,/course/victorian-film-13676
Art & Design,การแสดงและกำกับการแสดง (Acting and directing),/course/thaimooc---acting-and-directing-15285
Art & Design,การสร้างสรรค์สื่อดิจิทัลบนเครือข่ายสังคมออนไลน์ (Digital media creation on social networks),/course/thaimooc-----------digital-media-creation-on-social-networks-15288
Art & Design,Música para el siglo XXI. Aportaciones del software libre a la educación musical,/course/miriadax-musica-para-el-siglo-xxi-aportaciones-del-software-libre-a-la-educacion-musical-14541
Art & Design,Modern Building Design,/course/modern-building-design-7663
Art & Design,Creación de Stop Motion con dispositivos móviles,/course/miriadax-creacion-de-stop-motion-con-dispositivos-moviles-15298
Art & Design,Filmmaking and Animation in the Classroom,/course/filmmaking-animation-classroom-7406
Art & Design,Physical Theatre: Meyerhold and Biomechanics,/course/physical-theatre-1571
Art & Design,Human-Centered Design: Building and Testing Prototypes,/course/openhpi-human-centered-design-building-and-testing-prototypes-13389
Art & Design,Antiquities Trafficking and Art Crime,/course/art-crime-4821
Art & Design,Inside Opera: Why Does It Matter?,/course/inside-opera-8797
Art & Design,Getting Started with Agile and Design Thinking,/course/agile-meets-design-thinking-9330
