name,price,stock
2020 Toyota Corolla LE," $20,338",LP066013
2020 Toyota Corolla LE," $20,173",LP055818
2020 Toyota Yaris Hatchback LE," $18,384",LY702762
2020 Toyota Corolla LE," $20,338",LP066227
2020 Toyota Corolla LE," $20,174",LJ072269
2020 Toyota Corolla SE," $21,750",LP009286
2020 Toyota Corolla LE," $20,173",LP057156
2020 Toyota Corolla LE," $20,173",LJ071190
2020 Toyota Corolla LE," $20,173",LJ070633
2020 Toyota Corolla LE," $20,173",LP060292
2020 Toyota Yaris Hatchback LE," $18,409",LY704547
2020 Toyota Corolla L," $19,828",LJ014412
2020 Toyota Corolla L," $19,828",LJ005280
2020 Toyota Yaris Hatchback XLE," $19,367",LY701414
2020 Toyota Corolla LE," $20,053",LJ057953
2020 Toyota Corolla SE," $22,613",LP028024
2020 Toyota Corolla SE," $21,750",LP008071
2020 Toyota Corolla SE," $22,149",LP021780
2020 Toyota Corolla Hybrid LE," $23,282",LJ016542
2020 Toyota Corolla XLE," $24,423",LP045450
2020 Toyota Corolla XLE," $24,276",LJ000216
2020 Toyota Corolla Hybrid LE," $23,470",LJ017428
2020 Toyota Corolla LE," $21,952",LJ069715
2020 Toyota Corolla LE," $21,832",LJ057756
2020 Toyota Corolla LE," $21,952",LJ067741
2020 Toyota Corolla LE," $21,952",LJ068436
2020 Toyota Corolla LE," $21,952",LJ068237
2020 Toyota Corolla LE," $21,953",LJ073157
2020 Toyota Corolla LE," $21,953",LJ073206
2020 Toyota Corolla LE," $21,952",LJ070903
2020 Toyota Corolla XSE," $25,724",LJ018076
2020 Toyota Camry SE," $28,066",LU888972
2020 Toyota Prius XLE," $28,577",L3106337
2020 Toyota RAV4 LE," $27,508",LW062330
2020 Toyota Prius XLE," $28,199",L3107200
2020 Toyota RAV4 LE," $27,239",LW062375
2020 Toyota Camry SE," $28,066",LU884785
2020 Toyota Prius LE," $27,076",L3015102
2020 Toyota Prius LE," $25,728",L3106774
2020 Toyota Camry SE," $26,566",LU301247
2020 Toyota Prius LE," $25,728",L3105989
2020 Toyota Camry SE," $26,591",LU303062
2020 Toyota Prius LE," $26,106",L3106988
2020 Toyota Corolla XSE," $26,900",LJ033178
2020 Toyota Corolla XSE," $26,594",LJ021805
2020 Toyota Camry XSE," $30,611",LU316008
2020 Toyota Tacoma SR Access Cab 6' Bed I4 AT," $28,713",LX071442
2020 Toyota Camry XSE," $30,611",LU889204
2020 Toyota Camry XSE," $30,611",LU890824
2020 Toyota Camry XSE," $30,046",LU878159
2020 Toyota RAV4 XLE," $30,203",LC068390
2020 Toyota Prius XLE," $29,370",L3106507
2020 Toyota RAV4 LE," $29,588",LW085899
2020 Toyota RAV4 LE," $28,998",LW087330
2020 Toyota RAV4 LE," $28,998",LW085479
2020 Toyota RAV4 LE," $28,729",LW086724
2020 Toyota RAV4 LE," $28,729",LW086083
2020 Toyota RAV4 LE," $28,729",LW086147
2020 Toyota RAV4 LE," $28,998",LW085455
2020 Toyota Prius XLE," $29,153",L3015552
2020 Toyota RAV4 XLE Premium," $33,714",LW086586
2020 Toyota RAV4 Hybrid le," $30,647",LW053125
2020 Toyota Tacoma SR Access Cab 6' Bed V6 AT," $34,097",LX216247
2020 Toyota RAV4 XLE Premium," $33,983",LW083996
2020 Toyota RAV4 XLE Premium," $33,983",LW088201
2020 Toyota RAV4 XLE Premium," $33,714",LW086105
2020 Toyota RAV4 XLE Premium," $33,983",LW086996
2020 Toyota RAV4 Hybrid xle," $33,308",LW049468
2020 Toyota 86 Hakone Edition," $30,660",L9750029
2020 Toyota RAV4 XLE," $30,859",LW085242
2020 Toyota RAV4 Hybrid xle," $33,308",LW048768
2020 Toyota Camry XSE," $31,435",LU315599
2020 Toyota RAV4 Hybrid le," $30,647",LW047890
2020 Toyota Camry XSE," $31,435",LU313259
2020 Toyota RAV4 Hybrid xle," $33,243",LW047624
2020 Toyota Tacoma SR5 Double Cab 5' Bed V6 AT," $36,887",LM288626
2020 Toyota Sienna LE," $36,918",LS241516
2020 Toyota Tacoma SR5 Double Cab 5' Bed V6 AT," $36,558",LM300149
2020 Toyota Tacoma SR5 Double Cab 5' Bed V6 AT," $36,558",LM292139
2020 Toyota Avalon XSE," $36,997",LU042668
2020 Toyota Tacoma SR5 Double Cab 5' Bed V6 AT," $36,558",LM293541
2020 Toyota Sienna LE," $34,282",LS041519
2020 Toyota Tacoma SR5 Double Cab 5' Bed V6 AT," $36,558",LM290877
2020 Toyota Sienna LE," $34,404",LS040471
2020 Toyota Tacoma SR Access Cab 6' Bed V6 AT," $34,456",LX212316
2020 Toyota Sienna LE," $34,404",LS039808
2020 Toyota RAV4 XLE Premium," $35,553",LW084821
2020 Toyota RAV4 XLE Premium," $35,978",LW084518
2020 Toyota Tacoma SR5 Access Cab 6' Bed V6 AT," $35,917",LX216360
2020 Toyota RAV4 TRD Off Road," $36,300",LC063593
2020 Toyota Tacoma TRD Off Road Double Cab 5' Bed V6 AT," $39,087",LM298906
2020 Toyota Sienna XLE," $38,550",LS040870
2020 Toyota Tacoma TRD Off Road Double Cab 5' Bed V6 AT," $38,818",LM289616
2020 Toyota Tacoma TRD Off Road Double Cab 5' Bed V6 AT," $39,087",LM300028
2020 Toyota Tacoma TRD Off Road Double Cab 5' Bed V6 AT," $38,818",LM293743
2020 Toyota Tacoma TRD Off Road Double Cab 5' Bed V6 AT," $39,252",LM300244
2020 Toyota Tacoma TRD Off Road Double Cab 5' Bed V6 AT," $38,818",LM290644
2020 Toyota Sienna LE," $37,013",LS242256
2020 Toyota RAV4 Hybrid limited," $38,019",LW052168
2020 Toyota Tacoma TRD Sport Double Cab 5' Bed V6 AT," $38,333",LM291031
2020 Toyota Sienna LE," $37,013",LS241726
2020 Toyota Sienna LE," $37,604",LS233524
2020 Toyota RAV4 Limited," $37,594",LW086781
2020 Toyota Tacoma SR5 Double Cab 6' Bed V6 AT," $37,656",LM081155
2020 Toyota Tacoma TRD Off Road Access Cab 6' Bed V6 AT," $37,996",LX212564
2020 Toyota Sienna XLE Premium," $40,692",LS039269
2020 Toyota 4Runner SR5," $40,793",L5743666
2020 Toyota RAV4 Limited," $39,478",LW085949
2020 Toyota RAV4 Limited," $39,478",LW085615
2020 Toyota RAV4 Hybrid limited," $39,628",LW051072
2020 Toyota Sienna XLE," $40,766",LS242909
2020 Toyota Avalon Hybrid XSE," $39,851",LU014087
2020 Toyota Tacoma TRD Off Road Double Cab 5' Bed V6 AT," $39,252",LM299110
2020 Toyota RAV4 Hybrid limited," $40,328",LW047131
2020 Toyota RAV4 Hybrid limited," $40,059",LW053776
2020 Toyota RAV4 Hybrid limited," $40,059",LW054590
2020 Toyota Tacoma TRD Sport Double Cab 5' Bed V6 AT," $39,402",LM299370
2020 Toyota RAV4 Hybrid limited," $40,328",LW051963
2020 Toyota Sienna XLE," $40,949",LS241267
2020 Toyota RAV4 Hybrid limited," $40,328",LW047800
2020 Toyota Sienna XLE Premium," $40,950",LS056145
2020 Toyota Avalon TRD," $42,746",LU043765
2020 Toyota Sienna XLE Premium," $41,328",LS056309
2020 Toyota Sienna XLE Premium," $42,927",LS236722
2020 Toyota Sienna XLE Premium," $43,091",LS241338
2020 Toyota Avalon Touring," $41,801",LU042801
2020 Toyota Sienna XLE Premium," $41,328",LS054402
2020 Toyota Tacoma TRD Sport Access Cab 6' Bed V6 AT," $41,845",LX214076
2020 Toyota 4Runner SR5 Premium," $42,704",L5754722
2020 Toyota Sienna XLE Premium," $43,082",LS228199
2020 Toyota Sienna XLE Premium," $43,090",LS240883
2020 Toyota 4Runner TRD Off Road," $42,093",L5737605
2020 Toyota Sienna XLE Premium," $43,186",LS241969
2020 Toyota Sienna XLE Premium," $43,091",LS241526
2020 Toyota Sienna XLE," $41,006",LS241841
2020 Toyota Tacoma TRD Pro Double Cab 5' Bed V6 AT," $49,411",LX215566
2020 Toyota Tundra SR5 CrewMax 5.5' Bed 5.7L," $48,658",LX886951
2020 Toyota Tundra SR5 CrewMax 5.5' Bed 5.7L," $48,518",LX891443
2020 Toyota Sienna XLE Premium," $43,186",LS242354
2020 Toyota 4Runner TRD Off Road Premium," $44,163",L5742473
2020 Toyota Tundra SR5 CrewMax 5.5' Bed 5.7L," $49,008",LX880163
2020 Toyota Tacoma TRD Pro Double Cab 5' Bed V6 AT," $48,054",LX216898
2020 Toyota Tundra SR5 CrewMax 5.5' Bed 5.7L," $49,348",LX884504
2020 Toyota Tacoma TRD Pro Double Cab 5' Bed V6 AT," $50,094",LX219488
2020 Toyota Tundra Limited Double Cab 6.5' Bed 5.7L," $48,753",LX883616
2020 Toyota Tundra SR5 CrewMax 5.5' Bed 5.7L," $45,078",LX891023
2020 Toyota Tacoma TRD Sport Double Cab 5' Bed V6 AT," $44,822",LM298971
2020 Toyota Sienna Limited Premium," $47,810",LS238184
2020 Toyota Tundra SR5 Double Cab 6.5' Bed 5.7L," $46,598",LX891273
2020 Toyota Tundra SR5 Double Cab 6.5' Bed 5.7L," $43,383",LX888125
2020 Toyota Tundra Platinum CrewMax 5.5' Bed 5.7L," $54,699",LX888834
2020 Toyota Tundra SR5 CrewMax 5.5' Bed 5.7L," $50,297",LX872388
2020 Toyota GR Supra 3.0 Premium," $56,140",LW027986
2020 Toyota Tundra 1794 Edition CrewMax 5.5' Bed 5.7L," $54,120",LX892255
2020 Toyota Tundra Platinum CrewMax 5.5' Bed 5.7L," $54,260",LX893126
2020 Toyota Tundra Limited CrewMax 5.5' Bed 5.7L," $50,699",LX892220
2020 Toyota Tundra 1794 Edition CrewMax 5.5' Bed 5.7L," $54,120",LX881922
2020 Toyota Sequoia SR5," $62,093",LS175313
2020 Toyota Tundra 1794 Edition CrewMax 5.5' Bed 5.7L," $54,120",LX883332
